date,special,prize1,prize2_1,prize2_2,prize3_1,prize3_2,prize3_3,prize3_4,prize3_5,prize3_6,prize4_1,prize4_2,prize4_3,prize4_4,prize5_1,prize5_2,prize5_3,prize5_4,prize5_5,prize5_6,prize6_1,prize6_2,prize6_3,prize7_1,prize7_2,prize7_3,prize7_4
2023-01-17,53363,1443,2569,17053,87586,46192,21006,19548,86539,33921,7295,3401,582,6328,4443,2517,8199,7522,7936,3211,197,642,529,35,29,4,55
2023-01-18,45282,76552,51893,50516,92764,68866,66740,51752,37335,4030,3342,4405,7005,3904,3556,7580,501,2381,4260,3127,926,295,635,69,4,35,86
2023-01-19,62857,24246,65122,22745,90440,33540,5110,78018,71497,53655,1463,1863,4482,5932,2342,9101,9125,9116,9435,9550,915,320,74,26,23,57,96
2023-01-20,91869,62613,89561,17438,79710,68693,48902,8300,92038,67549,2455,1085,3800,5406,1138,8058,3367,2046,1602,67,216,832,186,18,36,82,59
2023-01-25,52371,45082,87473,55003,44656,18647,37207,71263,51955,58209,7943,2928,1910,4411,4148,340,5084,5712,7654,1849,83,687,637,7,18,29,55
2023-01-26,34164,21642,85331,53702,36678,49662,96488,70757,21183,72285,2204,4344,9025,9940,3753,4608,9088,7731,5934,6916,100,874,364,32,60,46,20
2023-01-27,72859,84970,22948,27905,68839,72151,45870,16675,45622,30683,5687,8094,1582,5288,9289,6626,4652,3120,7508,5479,166,101,463,93,42,35,69
2023-01-28,87219,88795,61887,71870,36399,99176,44895,48144,89665,83781,1226,3681,3051,3591,1368,8512,613,9140,8974,7483,313,104,436,30,87,80,75
2023-01-29,76479,25766,72194,11034,40098,29006,40715,61584,39911,24856,3454,3693,5723,7638,5842,789,9534,388,1327,2320,134,548,571,35,26,48,3
2023-01-30,16179,12198,66824,97525,76829,1458,678,4710,93846,11457,3440,5637,9612,9495,2099,6964,572,7189,8620,3391,901,919,624,96,65,3,70
2023-01-31,30061,21284,95201,18959,39371,85823,24941,22036,22477,18709,1081,8622,3216,868,8908,5675,3757,290,6421,3461,940,315,55,7,15,20,49
2023-02-01,34838,29989,64285,65938,54835,94648,82384,40292,70918,1062,8441,1468,916,5129,6463,5037,7184,2312,3165,6247,42,76,709,74,54,61,6
2023-02-02,60755,35682,29934,63527,36869,93254,18961,79187,66574,51138,9942,3708,879,3794,1300,9770,4034,6902,1730,9819,104,606,619,51,19,90,89
2023-02-03,52766,79512,12874,591,19739,53846,86931,48174,75976,36988,9591,7194,9590,7739,9894,3969,3811,5153,3349,3722,561,446,237,29,67,28,25
2023-02-04,64948,4674,16883,77334,12795,68347,65312,9038,86560,22314,2746,8474,2057,3300,5264,2363,1877,33,2488,9198,104,622,10,77,6,18,96
2023-02-05,6194,41299,35133,39473,40420,29343,31064,66278,59129,16617,7037,9260,2809,5294,7690,7727,6959,95,1920,7180,78,772,457,85,74,31,79
2023-02-06,35492,27386,77331,13534,61892,81361,57325,19943,52187,55210,2014,6409,3258,8688,9374,4850,8320,7814,8710,717,794,635,599,95,56,66,19
2023-02-07,18198,71786,90306,5645,57283,23864,72211,62199,57365,40880,4417,4196,3901,5992,4003,5186,5049,2861,1761,7271,484,465,916,44,4,62,23
2023-02-08,88864,58679,99604,51365,11054,21296,73693,94535,33878,20697,9292,342,933,1244,9592,5309,4376,1230,3835,6215,855,584,139,30,21,29,83
2023-02-09,29337,79795,56690,48887,92901,77395,87205,44553,84555,79916,8589,6897,1079,1983,1236,9243,7934,4534,9730,5156,768,840,640,70,52,79,13
2023-02-10,85120,58592,53011,52879,59444,995,2540,80461,30788,27247,5157,8803,9017,4982,9964,4270,1599,4834,2452,3287,949,516,442,27,17,90,53
2023-02-11,98713,18834,17460,78706,74043,63680,185,61529,94039,45565,5543,1288,4007,4955,4040,319,4862,5733,5162,8364,413,63,891,23,31,13,97
2023-02-12,9841,45011,90809,72174,65283,75479,49179,37768,19980,20304,4317,8272,6686,8254,6216,2610,5272,7590,2067,7968,343,444,603,63,42,35,13
2023-02-13,41916,8972,85731,59090,50333,10120,60151,67796,77837,14004,5708,6514,3119,3663,8008,1585,9460,8815,2619,262,399,117,238,68,35,88,42
2023-02-14,56141,73625,25591,26545,43417,13466,52501,282,67148,52621,1613,9227,6862,9953,1582,1540,1568,5044,1304,2096,393,22,137,20,77,38,84
2023-02-15,18158,68823,10621,87113,17280,5916,19414,79186,37611,59188,2841,8684,8318,5422,5366,272,6247,2854,1045,5904,602,224,508,54,75,72,82
2023-02-16,65243,2602,54187,54495,32956,53662,44891,90653,50511,74438,4653,4708,1539,8014,1805,6536,6568,2574,6732,4978,412,364,314,89,40,34,86
2023-02-17,18435,11438,32855,13679,33342,76501,51568,92950,8510,60849,6599,115,7637,7339,2498,6010,1656,5415,9788,4332,870,135,891,56,2,40,94
2023-02-18,44971,76196,80204,83379,30910,56929,1406,78478,45245,15333,8607,9371,4039,2793,9602,4194,2098,5358,609,472,235,816,121,16,78,46,36
2023-02-19,37264,91013,12898,74782,55545,21772,22607,84687,82142,7279,761,3614,1563,8265,1344,6462,7435,1453,9110,8165,70,804,75,54,4,48,50
2023-02-20,32775,1606,41854,66216,47885,14847,59176,85638,87409,86316,2432,6816,7273,9680,7248,6558,9717,9849,7663,2831,465,167,833,96,41,42,68
2023-02-21,90781,175,20889,90010,74017,54086,56167,99808,87482,43934,7062,786,7592,5032,6017,3910,1657,147,3943,60,762,116,835,8,74,82,10
2023-02-22,31357,31928,42898,40056,16601,78810,23130,9552,34978,72962,3230,744,3062,2117,7711,5851,9109,5799,4779,60,956,699,903,80,87,44,9
2023-02-23,1964,74969,79479,90535,34518,53590,67179,35306,3818,38858,4855,9854,4747,8734,8282,4549,6537,4132,6678,8510,438,805,490,3,93,82,56
2023-02-24,16979,9730,4515,27241,78758,4867,57566,51462,35054,16394,7083,8093,5365,1899,6917,9385,2795,5652,6575,5825,711,30,488,85,36,70,51
2023-02-25,30415,46223,32874,26964,77894,62144,22240,74314,60521,44090,570,3424,1563,1970,3127,3664,5294,2775,415,2860,967,705,404,68,40,91,77
2023-02-26,67360,84040,6293,78613,24044,91197,69571,29604,428,26260,4048,4141,7341,5700,7841,6441,1365,9604,4719,8308,797,374,706,41,71,90,63
2023-02-27,93758,96434,10620,41971,97839,24382,48220,49467,28419,70861,7454,7809,8678,2897,499,1466,2069,6655,134,2993,915,894,598,24,0,65,16
2023-02-28,55827,39977,20715,42892,88546,49558,1604,22589,44324,77100,5489,2390,8889,5750,3004,7160,142,9604,4288,9465,590,700,105,36,60,58,11
2023-03-01,76102,46493,52752,89477,83438,34418,5049,52159,74896,83492,9964,8534,9975,6493,642,3097,7803,9391,3691,6359,750,265,946,55,92,70,12
2023-03-02,47577,75833,93046,49671,61491,30540,32869,72026,84983,98857,5202,9315,8696,9581,1327,4598,9534,6720,2435,3282,854,189,175,9,96,23,53
2023-03-03,37856,94473,55952,43597,50852,71048,33458,28076,63553,28692,7866,1039,5557,2822,9848,2486,5307,9392,905,1663,768,839,57,53,35,77,97
2023-03-04,6743,89246,53202,56726,17865,78228,68740,25838,7187,80970,6109,2529,747,1139,8653,2345,9186,3799,9284,2745,717,825,425,96,47,10,23
2023-03-05,58118,72226,98850,15773,71749,51632,31209,50187,40158,45441,5688,2460,5843,309,4886,9358,5870,7416,4769,2711,963,478,989,55,1,37,62
2023-03-06,39919,34271,89252,8794,57917,23934,4144,22358,90155,374,7287,6916,3685,6225,7565,8826,2483,8057,3671,8416,746,208,679,47,73,97,23
2023-03-07,75877,8692,87361,31241,6055,87073,97510,52584,52539,3248,9565,5285,8430,3314,4666,6378,7540,2000,6823,1143,444,841,655,0,4,38,45
2023-03-08,73787,6261,48267,37696,25011,20381,31012,72359,95514,5128,8426,8924,7256,4224,9581,4713,2690,3000,8935,3073,905,189,94,81,62,59,2
2023-03-09,68205,60388,32503,77792,69127,59764,69821,57609,39073,81374,5421,3336,3075,339,433,8377,5578,355,713,1038,147,834,427,51,56,78,37
2023-03-10,24420,64647,92456,73117,43430,17679,18857,58788,6086,56612,6449,3646,895,3184,9301,4549,8069,7225,3674,8235,810,645,849,97,7,58,81
2023-03-11,47076,91911,68062,89887,97745,8606,90078,48492,59226,23122,1723,6001,7707,8139,9794,4226,2120,7005,9711,9405,880,643,489,8,68,94,48
2023-03-12,56695,14685,86290,10847,34708,21368,14720,47299,88746,86664,7445,4972,3960,2366,5485,6833,4077,3698,4339,1046,108,993,97,3,96,19,8
2023-03-13,17375,14288,47795,89010,20929,26532,57195,21787,86420,48111,6956,1055,805,3323,1072,2589,1620,1450,8125,7411,103,269,494,80,74,83,51
2023-03-14,67879,7811,56885,61063,64605,2010,94533,29538,20174,81544,7935,8490,920,4677,6660,349,9239,4622,5526,4141,561,858,133,76,78,40,9
2023-03-15,67724,9458,42912,82249,32675,58785,80854,22192,66944,59826,3763,1746,8274,9210,9558,7603,8738,9949,1521,8486,600,528,250,35,83,26,41
2023-03-16,89581,62172,16250,32921,86507,63642,18592,40723,78206,13297,4218,9856,9922,8734,4172,2783,9801,431,9420,537,945,195,212,92,44,89,4
2023-03-17,59389,46086,47967,93279,62875,61643,80808,17950,83001,55132,7669,4211,2318,6993,7346,4111,6778,2763,2406,4847,6,958,919,9,5,65,60
2023-03-18,57570,25444,5260,51308,14099,69326,17323,52596,6495,47274,1522,2679,3931,2502,2734,6503,6147,437,5088,227,897,979,581,44,97,13,93
2023-03-19,86903,51904,86833,22870,85621,16256,18746,84156,68556,38891,3826,9033,6756,8348,9234,5163,4061,7108,1862,5943,562,892,334,4,72,23,96
2023-03-20,24192,24877,69360,66583,7529,77038,85099,32290,94963,23842,6979,7304,7041,4748,6909,5405,4710,9722,2752,1632,617,12,182,29,54,10,42
2023-03-21,81664,40033,18931,74834,84351,11200,19833,22886,94162,32936,2426,4054,2848,1715,7368,9863,8037,9985,1320,5112,657,518,832,61,9,39,59
2023-03-22,8798,75337,28963,26229,39544,19950,42567,81097,15774,11622,1142,2860,5468,4869,8457,1226,2904,5946,4619,294,613,479,357,16,56,29,44
2023-03-23,45483,75836,51256,95469,48390,14974,9605,98957,76070,37554,178,8464,7318,4497,4361,8794,1660,2984,2372,1407,191,984,646,46,34,28,91
2023-03-24,48657,92279,26169,82385,98841,13954,79256,94604,99283,70785,1952,2895,1644,40,56,2149,4349,9152,6702,9706,946,859,135,72,4,96,1
2023-03-25,32273,26774,47449,99,42018,44879,34758,2573,53468,78759,1143,4584,9372,9795,3750,9885,2890,9364,917,2156,114,430,214,74,22,98,97
2023-03-26,57765,81664,81817,24222,29370,84409,4923,57889,7071,93934,4102,2973,6263,6666,8566,3378,2688,1310,3160,6446,895,560,344,30,52,63,13
2023-03-27,83230,27431,64284,25717,542,39074,3807,48505,81972,52585,3688,5158,4819,5996,1953,7838,600,4430,1433,9408,989,736,316,91,85,30,55
2023-03-28,66228,20468,52302,81938,80052,98632,60778,43904,23666,29291,9299,7599,3882,4937,8481,5974,4117,4744,3181,7043,520,126,567,30,22,92,1
2023-03-29,86367,69313,57644,99117,57068,1410,71666,59756,37373,20474,6395,5291,5632,3556,2533,5880,4616,8998,7741,1916,961,316,203,60,85,39,71
2023-03-30,11504,13132,43820,11937,91023,2686,33623,25816,44645,58918,9812,8664,1685,4375,6194,6939,9829,3640,4213,8870,374,236,642,17,95,41,89
2023-03-31,59381,50062,41803,74247,29789,25048,78541,21351,15625,53386,8847,1248,2881,7647,3187,628,3153,7468,8667,7883,834,295,592,42,8,22,16
2023-04-01,70344,29158,24102,22255,23385,8995,78861,88142,93756,42929,962,4828,948,7865,5076,2309,1465,4650,5070,1375,549,93,772,9,18,34,91
2023-04-02,1844,86587,43090,21057,57039,85367,50887,42799,15519,33621,2573,5217,1536,8939,2106,7124,5477,8497,6140,1356,57,954,95,96,7,70,77
2023-04-03,52333,60129,20276,16945,79852,81184,82950,55742,41809,54881,7123,3025,2171,9384,5032,6746,5678,8084,969,7357,116,932,199,65,89,71,53
2023-04-04,75345,58033,53624,14990,65024,54180,48496,98824,68882,50488,1050,3793,9904,2976,6534,1659,3601,3421,3084,1283,615,45,950,44,38,59,88
2023-04-05,96226,95972,1247,51881,41676,8715,40559,11220,1149,96249,4359,4886,1952,1114,6014,5500,7559,6213,7458,8014,379,127,366,85,26,25,55
2023-04-06,89911,5742,50512,78149,88171,910,17405,26389,88291,99363,7605,2631,8658,7044,8351,4521,5193,7433,2793,6406,436,412,634,60,25,68,65
2023-04-07,49736,58224,65556,14147,58150,72738,43810,30812,33149,13629,8908,1830,7439,764,6547,1958,9971,7786,2569,4304,463,465,406,0,44,72,22
2023-04-08,29815,36073,85333,58920,97433,78280,3170,6858,88255,88818,2712,16,1596,5386,744,4503,9287,3859,3643,8366,75,849,1,12,54,73,22
2023-04-09,10026,76693,66574,62714,54568,53998,95807,3990,50571,84713,1316,902,7909,3442,3716,6641,4419,8431,3158,433,469,923,443,2,73,58,12
2023-04-10,6363,75304,29505,25800,33432,51472,46580,24161,76595,98352,7743,7403,1859,9221,3187,2855,8646,8584,256,8458,352,139,219,13,54,34,96
2023-04-11,16039,40045,88796,43516,95785,28723,74468,18671,71440,99436,8150,958,7169,4771,1017,5415,7626,9898,1360,9496,489,632,860,22,64,26,84
2023-04-12,37195,88982,91410,39454,68319,52423,13233,68277,21169,30216,142,3462,5629,2596,5756,9121,6244,8253,6810,3857,309,404,166,97,54,39,28
2023-04-13,44265,59509,68989,53011,99466,91198,56803,55404,6860,51761,5199,2649,9460,1408,5496,4857,9907,3867,9046,6692,919,860,899,63,35,38,12
2023-04-14,57534,88770,5720,91578,3717,48451,94184,89449,5832,56081,4943,4300,4803,7938,2632,1938,4351,270,7609,7302,29,457,562,88,23,60,79
2023-04-15,27414,11010,41330,97277,74505,2583,25729,18319,80920,81572,1080,8991,4942,4123,9035,2575,9988,6255,7699,135,777,921,304,11,53,81,27
2023-04-16,41248,17827,73986,79480,41224,34610,25369,86403,80143,57669,1141,3622,2677,520,1337,5356,2412,7235,8435,2100,803,944,321,26,28,70,72
2023-04-17,65576,21834,98341,78733,68199,77368,98075,59580,47734,63176,9274,4850,5518,3111,7707,739,1301,8058,5604,4191,13,523,323,7,12,63,92
2023-04-18,71661,24615,3759,25581,31440,21532,47030,21563,46633,13680,4825,2001,6675,958,9186,8717,4444,3440,5927,7853,474,516,418,2,44,69,34
2023-04-19,46285,47600,89103,41915,35857,82917,7914,80475,55113,18084,6314,7550,9636,4717,9880,7949,301,6813,5152,5895,877,990,348,99,88,52,4
2023-04-20,24623,35847,45787,1860,60014,43972,3011,92939,16867,88829,9147,8938,7278,4241,5191,7286,3721,1848,9359,8717,331,135,823,0,46,30,93
2023-04-21,47914,60797,59717,14501,34329,85460,96221,89853,40346,68305,3448,1189,9419,1707,4739,7719,4691,4875,9253,2716,562,636,836,94,7,65,97
2023-04-22,64652,14539,92652,95297,95663,75831,78042,71169,20553,16952,1443,5271,6924,9301,1177,8032,9908,2351,6303,1361,261,724,234,23,97,41,22
2023-04-23,71679,11948,89314,26195,31992,1338,97876,72042,28863,33582,6431,1496,3962,2888,4428,9325,3137,9739,8915,551,388,551,461,6,16,53,35
2023-04-24,42105,6909,54521,44002,5311,76581,98146,75329,2653,37386,8315,2375,1673,403,2683,9581,3630,3726,379,1451,347,874,370,48,86,10,63
2023-04-25,85483,95809,40929,91988,44027,49981,53615,12157,65973,10644,6550,6342,6838,1286,6306,7235,4898,4217,4655,9170,711,370,29,6,58,25,66
2023-04-26,89675,47122,87741,90868,67189,59356,20187,85300,27642,74897,4117,8648,2445,1811,3606,9255,9511,2703,6045,1826,148,330,95,17,60,41,90
2023-04-27,80755,28579,97673,33524,85938,5886,47570,39895,91973,30964,5084,4957,4141,7474,2445,9443,4893,8832,2490,7827,68,670,765,74,2,50,16
2023-04-28,13196,47757,75260,25528,62526,11485,39031,20967,51864,2270,8012,6085,1150,4819,20,6500,1331,3462,5653,8899,993,308,910,24,38,96,66
2023-04-29,54639,71291,41698,59064,63882,53656,95705,24224,25635,22662,8260,406,4970,2455,1445,6930,6352,4790,5507,1824,123,603,919,91,31,29,21
2023-04-30,90819,14462,46938,76537,64883,87706,17676,3683,13446,65386,6589,1038,8701,2478,2368,5706,7865,8484,1913,5540,27,311,663,50,70,88,22
2023-05-01,61820,92980,75547,22089,48152,67318,78622,65301,40398,81980,3658,6406,212,2988,4791,9748,1765,2248,3694,371,389,974,716,84,0,14,58
2023-05-02,865,40456,42008,20843,65177,77430,46157,48808,12760,42502,2066,1981,7988,5669,1644,6108,7298,4086,4818,6593,473,470,221,70,61,52,2
2023-05-03,85576,51335,81665,42261,2390,74032,2490,49728,77920,86355,6100,4962,8993,4459,5312,8561,7613,8129,8389,1776,880,237,406,67,28,41,12
2023-05-04,81918,25824,12136,10697,61949,33310,79061,22400,85742,85067,1177,4922,6028,9883,4177,1011,8968,3260,7500,7006,561,96,553,87,35,49,42
2023-05-05,82647,95546,39378,98658,97994,13760,7192,61645,91254,34455,5511,4527,642,4236,155,7861,2259,242,1787,5726,432,624,534,16,14,72,39
2023-05-06,2904,87627,84022,69837,43316,26074,17200,7162,44168,45606,6611,3858,7560,8625,7551,8919,927,7435,4397,8312,438,142,508,16,26,19,62
2023-05-07,88060,4143,28610,84265,13198,37540,14699,88940,74267,27235,3713,8736,2531,9024,3384,1936,9737,4003,8660,1216,887,368,121,95,86,64,42
2023-05-08,44481,8861,2832,516,79797,97171,25884,1962,5448,8284,6836,5645,2536,8583,3262,5900,6671,7555,793,2640,441,909,144,21,92,26,62
2023-05-09,58546,87138,70752,46168,96208,31488,86067,22183,37859,54970,5523,1471,7978,9994,2767,1142,9742,9327,1226,7965,921,554,160,30,25,64,14
2023-05-10,97996,66184,81579,19025,25267,82002,34364,80746,9850,2979,5509,2451,3535,484,9156,1859,249,6927,7902,2659,556,891,491,5,43,19,84
2023-05-11,63134,66488,83106,50659,64327,85253,6416,70969,92174,48990,8984,4436,1466,5849,8638,1964,7075,3741,1240,4458,860,897,971,55,78,73,80
2023-05-12,84102,12141,3914,59392,89476,73718,53418,26470,4401,87540,9810,7384,5603,4657,1245,1444,2197,7581,5850,1090,531,230,371,43,75,65,0
2023-05-13,19949,70603,83105,86922,4612,77933,98947,17393,21474,9615,4996,8991,7581,3443,2415,2468,9975,7844,5836,7768,209,521,997,68,90,8,10
2023-05-14,67753,19470,84443,50523,48507,10048,72799,1556,83623,77648,4096,6164,8307,8743,6036,2853,517,5167,2679,3096,454,812,208,76,52,85,51
2023-05-15,90956,63262,56387,17280,55838,87861,81301,12200,75630,88618,2320,344,4038,5493,1853,5302,2858,332,3887,9106,107,95,442,53,71,80,5
2023-05-16,19031,78859,78392,19184,8741,22539,53479,89302,45138,93780,6799,1870,9094,5813,5658,5031,1982,9514,651,7630,208,378,741,63,37,82,49
2023-05-17,67949,88636,86754,64824,5541,89700,53672,75653,39193,12213,8776,3400,4612,5452,9839,4330,3544,6841,1618,1628,979,49,813,26,42,38,28
2023-05-18,22632,63943,1119,19532,76856,89482,64227,562,1641,85632,7352,8616,7828,8053,5572,8328,8721,7637,2872,6281,990,54,631,18,67,99,70
2023-05-19,22317,14150,33733,51891,82756,21657,15856,86311,41587,54889,4351,1152,9815,486,4906,9531,2902,2863,2086,1971,187,478,712,56,36,66,29
2023-05-20,70452,64077,44767,24888,25683,81997,59483,16534,45895,15457,445,1674,9879,7857,1901,4137,7930,4334,1079,9162,956,370,377,99,33,4,27
2023-05-21,45297,72064,86140,42405,12766,10977,2349,28754,38605,4496,2441,4197,6793,6975,2742,8421,5142,4290,9043,7521,733,13,729,39,70,76,50
2023-05-22,32754,68161,72017,98904,94697,94740,93753,55459,1414,23607,5492,5227,1493,2338,9643,709,9863,5784,8757,8109,890,19,282,50,34,15,65
2023-05-23,95972,2366,43590,56621,19195,14216,52782,53347,92819,99789,740,6907,5957,8967,4851,8691,5830,7301,6230,3908,882,890,258,61,27,17,44
2023-05-24,19966,59476,65345,58041,20304,95694,17344,72216,32696,67352,1785,1474,3062,2264,5454,4067,9087,2101,9117,9472,73,840,164,80,87,95,63
2023-05-25,20319,70232,29500,71249,16884,99881,28251,71786,97777,82108,7537,2802,9443,3856,2521,5532,2000,7987,9291,0,369,815,984,67,74,96,89
2023-05-26,36191,12247,74125,55916,50939,18172,11720,73339,73686,22536,1413,7656,2151,9010,3208,7195,4948,3210,9463,955,188,203,342,53,31,11,3
2023-05-27,96237,71344,42533,9954,96746,15579,95688,52419,28175,26519,6364,8867,3211,1681,1698,8940,8762,7901,5425,2843,849,191,24,76,31,54,45
2023-05-28,79459,32985,36739,28089,824,84828,31874,10126,29991,97383,9781,9537,5387,9377,7327,8876,8618,448,3320,6967,972,313,256,71,50,32,80
2023-05-29,85867,98338,10638,56467,71926,87565,57336,56415,7553,67042,6742,1749,8665,992,594,4871,7149,8937,3123,4242,948,191,615,78,91,21,34
2023-05-30,20765,15037,35868,93065,57840,39646,93650,76407,80500,27833,7861,9818,7371,560,7185,130,9462,2951,104,1993,287,387,650,96,60,37,21
2023-05-31,88961,40956,31944,49287,19424,5612,78426,30296,38763,87816,9466,8678,4184,2567,7313,3260,1908,1779,7508,4262,169,307,843,87,2,22,91
2023-06-01,95921,60072,60772,42018,90528,85129,93364,58075,83241,77085,6817,1204,2635,4543,3317,1198,1200,4091,1777,7879,188,582,598,81,27,71,20
2023-06-02,71963,3825,76720,67605,83562,75355,8354,71442,30105,41776,619,8323,185,4008,2134,7958,9097,7851,7373,7684,307,353,763,16,34,19,29
2023-06-03,370,78005,16546,35426,15605,56082,31226,67812,4642,88608,2225,9739,3893,4075,4130,2099,9557,8041,9044,883,679,741,845,8,65,40,83
2023-06-04,4408,98155,29784,89293,39341,14393,11089,61352,867,38422,2710,2069,7376,8015,2800,3282,3775,197,7450,6606,870,440,693,64,73,67,90
2023-06-05,81,1905,71137,44821,88844,27295,4627,95334,72220,93683,7165,3883,2157,8958,9446,1015,2351,7270,6125,8146,757,450,720,28,92,48,79
2023-06-06,83079,15731,32457,82498,53158,75486,27217,33818,63859,80647,3761,3762,1876,5343,2168,2834,1420,3322,2013,4508,425,236,119,70,90,7,34
2023-06-07,40357,11456,44223,10852,46358,34034,66918,95949,25795,45788,9566,6046,716,3577,763,3222,6881,2226,9182,24,14,56,738,17,72,69,82
2023-06-08,13437,1318,28445,82535,71477,39624,54759,25625,23113,63826,4472,8981,7954,986,5344,9805,4411,8024,3303,3715,934,777,592,66,88,48,31
2023-06-09,84288,4963,74125,38700,73140,26876,60883,12566,74298,52888,391,5921,8049,3886,1500,2489,8181,3870,1998,2926,46,845,943,84,68,82,38
2023-06-10,1936,55702,21837,13114,8654,54284,25038,62695,93652,66007,8658,7816,4181,5440,9502,63,9147,3150,5628,3045,422,133,144,36,39,68,88
2023-06-11,46260,22720,81504,2173,16658,20643,72434,5068,21857,41825,1921,6654,3727,7848,6263,249,2221,9684,5345,4156,967,239,243,96,57,78,64
2023-06-12,55442,33251,65623,42048,68726,89403,20511,62202,52994,94397,1802,7934,2963,1958,7198,5514,8294,7181,1766,9753,273,439,837,1,39,63,68
2023-06-13,88661,71607,94150,94670,11530,33641,22483,1947,54186,71865,1544,3281,3871,3994,4647,4110,6011,4773,5905,5281,748,272,904,78,73,79,5
2023-06-14,57854,34686,27752,68091,15266,4005,47339,36541,59037,27890,5866,4320,8636,6531,7548,4237,7577,1608,3000,3811,854,832,350,7,48,49,6
2023-06-15,46904,84800,98348,12229,53861,52351,70551,34806,70498,95789,6537,3633,5213,4450,4072,1844,5044,2857,3142,3607,368,359,314,61,63,64,41
2023-06-16,76830,13239,15720,13993,81372,54796,83888,74122,95035,42408,5949,5284,9319,688,5407,7853,4409,6202,2997,3674,367,132,155,7,66,2,1
2023-06-17,96361,7849,66045,88316,39464,33119,55398,70842,49488,59270,1677,8485,9518,9825,798,1303,406,674,5295,845,468,316,379,52,87,61,1
2023-06-18,94351,86452,40375,70701,16826,73799,20523,29253,46513,59983,8752,1003,1258,694,4692,6076,1357,2315,639,106,792,419,788,99,72,27,42
2023-06-19,59915,92664,15899,32550,52470,29461,86414,90623,25179,91571,3463,9199,3287,6446,6391,51,9358,8456,2066,6852,633,901,624,84,71,31,96
2023-06-20,51232,37107,28488,15667,67829,95115,22549,94218,88276,22122,3666,3895,482,2513,5562,3273,6925,2201,8508,5024,768,6,915,60,2,53,33
2023-06-21,58534,47248,31378,24891,66224,32447,9625,20190,45955,79430,7401,4890,2121,4604,2913,7949,6502,5611,9775,5422,695,283,59,28,6,57,26
2023-06-22,84267,2244,93702,67381,11966,10243,59342,89468,21046,34369,8713,5009,1257,6787,5544,3116,7782,9557,5042,6535,124,416,17,84,51,99,0
2023-06-23,83660,29556,84109,8146,94501,89896,47585,80207,97187,361,4205,2870,8205,899,5152,3767,5317,5262,3839,5697,662,169,936,36,84,41,44
2023-06-24,9870,73087,81633,72969,89847,26356,34405,84024,47303,24618,872,6015,3948,9391,2205,4589,4261,9558,773,6257,830,443,674,20,54,27,39
2023-06-25,63634,89812,83546,2844,3095,31835,1834,53707,10733,27255,2684,8989,2268,5181,406,8073,3678,8809,787,7548,446,547,268,43,62,13,16
2023-06-26,3493,78387,81896,44142,5378,90969,81654,54779,28751,19230,3278,6555,1402,1499,2550,5069,9460,9828,3893,9571,595,405,877,57,28,21,82
2023-06-27,49195,69643,26181,62071,87839,47623,6396,11497,4474,84913,9536,6706,1662,5744,4329,4207,6959,4763,9892,4007,19,409,161,79,9,24,82
2023-06-28,97495,12576,12020,52689,32283,74893,80249,63647,18732,4894,6498,9089,1696,6318,5906,9505,3506,4668,8182,9603,948,415,30,65,20,47,61
2023-06-29,6920,56675,67716,70226,25883,78117,84401,10799,94060,69390,144,9883,7643,6236,3976,38,5573,135,392,6592,424,847,468,13,87,98,36
2023-06-30,69851,88124,66159,11919,7922,80284,92702,43791,92613,53904,4262,5196,2479,4379,2466,8092,8630,6719,3089,6022,207,869,283,89,82,8,34
2023-07-01,90746,8218,49755,48773,85978,76817,1272,70460,33373,84819,2816,7971,8278,5631,2252,491,9252,7354,2482,8442,968,396,817,5,22,47,87
2023-07-02,57123,20479,94195,90632,9599,24595,62714,10302,29610,84396,499,8769,9271,1209,9426,1181,7561,1683,4179,165,999,275,227,21,23,12,96
2023-07-03,96894,3260,17064,71834,86082,55306,22767,85062,6138,27224,6983,2670,2483,7136,7354,5524,1596,1151,3202,4001,5,551,305,49,8,10,5
2023-07-04,6883,50713,48058,74292,37720,15297,20477,30203,80621,91467,689,1614,6370,331,5062,9011,2825,8709,5494,2724,376,872,148,85,9,33,50
2023-07-05,29397,3549,58203,74554,81540,48943,78444,49005,63573,24035,3287,808,3898,9832,3029,436,5367,7625,1862,973,288,449,991,47,18,8,1
2023-07-06,44798,94748,30095,36372,1428,55314,61653,45485,52116,52671,7701,1381,9393,4736,7019,1019,4066,2179,283,8953,322,406,805,95,5,36,57
2023-07-07,93076,94746,78078,12706,23849,92420,73292,31179,1655,13960,155,7242,3503,7485,5440,4198,2074,7057,3193,7035,784,719,419,12,19,90,84
2023-07-08,98215,82428,36753,21404,20556,64130,78489,2257,34419,12872,2467,8893,8792,5647,1537,3208,2426,5558,6380,407,723,953,821,2,23,33,46
2023-07-09,5408,68722,72072,36681,1296,98213,27176,41124,62013,23342,2637,8365,6432,2073,8201,2108,8851,5972,4691,9401,378,129,806,4,26,50,66
2023-07-10,58222,29421,46895,15004,27829,66516,36514,41484,54733,23111,7367,9549,3143,457,1272,6107,431,2411,4662,9170,888,290,934,87,34,51,72
2023-07-11,45631,13852,38923,22036,95463,53601,16942,82138,33639,16157,5535,4535,1683,814,3850,8565,5513,5170,2452,1716,959,819,106,57,41,58,39
2023-07-12,67115,67785,27064,4716,66804,23324,82424,4357,9864,14186,1010,5261,4023,2965,673,8997,3795,5732,5147,5944,195,764,471,61,55,12,69
2023-07-13,26902,17552,95496,22758,37039,85734,14296,42091,87038,8681,5105,543,1386,5587,8739,4363,7301,7217,5264,8207,69,373,802,60,66,15,61
2023-07-14,78668,82538,75699,31456,75013,86668,71819,33871,83628,63670,1258,2533,428,2403,8900,7404,7012,5658,5092,3728,143,597,118,45,46,49,64
2023-07-15,8897,14694,20247,56545,33540,12948,30368,70336,29535,33460,2226,1832,8430,5649,1289,308,5192,6229,3061,5811,861,353,190,92,5,19,93
2023-07-16,51351,45672,33664,34988,11840,80820,21070,94557,68550,68572,1294,6035,1137,1192,2972,8180,1346,819,4068,4018,761,920,817,63,51,25,75
2023-07-17,22406,98378,62092,98895,44175,8093,41093,278,2310,43490,4322,613,1804,8560,7791,2461,4860,6652,4403,8973,244,786,983,48,95,89,64
2023-07-18,20080,11885,53633,37876,66155,22059,50224,53978,69419,40654,4282,7771,9721,9021,2850,1856,3174,9927,3166,6207,898,149,402,49,40,87,30
2023-07-19,15339,1484,56243,7018,55493,89659,36430,9161,65005,78245,9215,9502,7666,9785,2848,4675,7953,9190,7116,560,268,322,801,3,62,98,56
2023-07-20,58286,59809,27214,91487,38808,27542,66389,67950,60208,71038,1808,6367,8712,887,502,4135,1080,9915,7284,175,959,760,942,72,38,74,62
2023-07-21,35944,72926,31283,67742,31166,69906,72537,72985,77782,7426,9318,8610,6324,3745,1283,3054,4145,9206,2509,7767,924,677,286,83,52,26,95
2023-07-22,27433,16448,31955,68361,17436,28183,64926,5361,39669,80234,9122,2965,2867,2912,3969,8419,2592,7452,9252,2628,488,887,51,90,7,54,80
2023-07-23,58062,16342,32714,32089,95921,89695,40569,92129,5613,50218,9346,4130,937,3171,9242,5408,4964,4861,9460,1769,794,347,393,47,42,87,44
2023-07-24,62442,52306,49059,47882,75962,13190,68936,80179,23389,25237,6004,4666,5453,1852,8379,2922,7226,34,1830,3352,90,997,5,18,56,74,97
2023-07-25,75659,75566,59023,67456,38964,55581,84603,12171,28352,65940,4360,4827,1343,7450,218,6776,5159,9309,1260,1920,483,269,720,31,60,57,5
2023-07-26,87929,75634,97192,60780,91837,73432,89201,3500,17989,38853,6924,2208,9694,8150,2455,2219,3159,5163,3656,1122,17,21,657,64,60,8,94
2023-07-27,21171,85403,79840,71628,70421,53425,93257,67908,60129,24822,8442,5443,7734,2039,7288,5379,6926,4166,5022,1814,647,208,190,68,22,47,10
2023-07-28,40915,79375,19984,99134,3439,3628,39226,9345,12556,43022,9679,5267,1544,2874,1183,4538,2948,6987,4178,1682,812,27,864,68,34,93,18
2023-07-29,69358,70140,43060,37592,41352,6631,55503,36988,92978,82185,7446,9559,9798,2763,5360,6545,9000,7591,6824,4880,361,896,648,83,24,55,56
2023-07-30,55741,43813,2309,386,62033,45369,94823,71231,62175,14881,6227,7794,5254,8472,4335,643,4241,7311,5926,4135,928,952,289,49,37,46,9
2023-07-31,72615,73596,29471,16196,13165,43789,59867,86590,66461,38341,8590,7894,7401,6477,4560,1221,7202,7931,7306,9952,802,683,737,61,76,39,36
2023-08-01,4430,18971,47120,337,11167,95150,31425,22107,44661,79135,9009,8851,5221,3489,6446,9609,5128,7304,3140,7896,731,874,836,90,95,72,85
2023-08-02,88137,71298,58086,408,82480,28918,77455,5402,88005,43510,3480,4499,9705,7519,3243,9012,7570,6490,6252,6705,480,346,518,59,80,94,8
2023-08-03,80288,61964,82402,90573,86917,81202,63682,32267,8872,45092,4562,68,287,9372,6857,2417,553,7674,2108,438,396,653,630,51,69,22,62
2023-08-04,56177,48747,8038,37072,99486,5006,99927,68286,14345,93225,919,1056,1782,9529,9766,6862,2021,4679,6637,8444,361,602,847,62,88,73,36
2023-08-05,45710,36358,78767,34560,75294,38943,87647,64794,72375,35335,10,3852,7829,5397,448,4183,7389,3632,4307,4525,232,733,903,3,55,51,43
2023-08-06,74923,73722,66542,12789,89253,71550,56856,87932,31738,21677,3447,9704,494,1020,5465,883,5728,6288,7256,4655,41,937,132,88,75,57,62
2023-08-07,8672,20246,43830,65267,30196,9287,20041,85627,27167,55315,1341,7186,6137,2626,177,6134,9942,5179,7704,359,214,722,518,7,63,16,74
2023-08-08,80766,27080,64096,60943,71174,97077,93957,19786,63087,56243,9054,7415,167,2940,3214,9178,9878,6066,7076,5984,325,947,371,70,19,14,97
2023-08-09,59261,27636,3647,95243,63184,46236,75761,98993,62356,29159,5510,4389,7219,3557,7130,7200,8613,7316,5508,7113,708,870,846,79,91,84,74
2023-08-10,25102,39262,27262,60903,83745,39012,83875,12495,33809,23707,2471,5901,523,5567,9000,248,5132,6410,3979,1027,692,80,999,1,6,50,79
2023-08-11,90299,36308,8284,74795,48467,7041,88636,57778,5762,44904,8380,3246,7656,5962,8251,817,5831,1445,7577,3261,635,815,883,31,43,29,27
2023-08-12,6848,28684,55972,9024,431,45343,51704,24137,3665,7682,332,5651,6580,9027,6391,2515,7524,1973,152,2935,264,132,786,67,29,87,21
2023-08-13,84528,96875,83636,11470,17608,65742,48426,85044,78834,64130,3346,9946,2325,2587,6922,6348,8028,4123,3955,7616,975,239,505,29,48,1,79
2023-08-14,16893,11401,38329,41032,81013,74454,54995,37360,64318,611,9319,7768,6180,802,1673,6320,8538,2449,7878,7816,405,389,208,22,3,25,63
2023-08-15,41861,12901,82868,76177,2959,47602,10678,55317,38306,53035,9975,1708,4300,1454,1897,4504,4626,2745,4562,388,367,908,599,90,56,45,22
2023-08-16,82019,43465,91437,12598,83059,178,30317,20179,38840,16159,3508,8312,3501,8338,3555,4951,9028,873,9468,574,672,517,797,53,92,39,48
2023-08-17,79186,32553,79391,52920,32912,94584,36898,31073,20915,87443,6367,7030,53,1383,1857,3180,1684,1177,1109,8748,715,727,370,30,98,35,47
2023-08-18,47887,39986,56065,51191,82359,53855,74736,59020,42647,64818,1199,2768,7762,8443,3913,6365,2559,9605,489,5429,817,684,758,82,65,4,85
2023-08-19,41830,58636,39233,73088,83499,22605,66773,3676,14024,53087,8251,9769,4793,3428,5831,8539,9311,2736,545,8043,962,34,537,70,71,15,86
2023-08-20,92009,83433,73249,22498,88300,82515,35780,46685,15696,1620,4914,8375,3112,7130,1530,2557,5432,3299,4793,9846,745,471,190,61,79,95,58
2023-08-21,27221,79939,15978,22802,91318,15732,46289,25409,20500,6303,9630,2219,8757,8776,4602,3578,4652,483,8462,8840,482,715,298,55,97,57,71
2023-08-22,60279,20329,94862,6840,88389,54337,16232,44313,50186,72731,7872,6997,8983,988,7843,2573,6406,2361,3755,8515,282,626,868,55,32,99,15
2023-08-23,63734,45494,74300,57480,57250,51369,51721,60449,331,55553,7387,8262,6972,9100,3563,9418,2317,8957,6724,9771,171,830,879,37,58,14,68
2023-08-24,57973,56968,14617,65709,80552,37370,15250,20440,22904,77493,7257,1247,1466,9018,2216,9070,9700,651,3860,3967,696,165,515,58,49,66,44
2023-08-25,82843,23348,35123,1009,95487,27274,39984,74122,89308,11685,3680,4811,8994,5884,7430,2751,5603,5010,572,4760,220,37,782,52,11,96,49
2023-08-26,94958,14322,80180,84096,70572,36382,84142,28319,88165,18514,285,744,3575,6736,6297,5315,2962,6659,9097,4106,276,334,807,70,87,18,91
2023-08-27,18448,73829,73174,57227,64570,10484,87444,72236,25998,89251,6646,2444,8189,403,3250,583,4468,3204,6188,6210,779,581,275,11,61,62,10
2023-08-28,83185,32479,36313,38300,44306,18203,5711,38445,73969,29512,8530,6367,8245,564,7212,5751,3688,3614,1843,5375,73,70,392,14,8,3,65
2023-08-29,49278,26681,25277,61276,25040,4826,77227,44526,16626,6494,1586,5687,6866,2962,6617,6686,1073,9124,8961,3505,30,130,681,22,72,21,71
2023-08-30,76551,15711,12428,67802,34939,72484,6815,67171,3982,8356,7737,624,4241,6756,8203,1352,5226,3071,4097,1274,709,496,393,0,27,68,72
2023-08-31,73040,49951,45966,86381,41593,92,86954,84340,47439,63862,2848,7645,3439,211,1304,4480,3555,3946,5126,3834,166,251,788,52,5,29,62
2023-09-01,61379,79008,7854,80318,48527,90784,13121,89610,34437,47431,7099,6773,7723,6743,4050,1687,2692,4187,1868,4573,559,179,626,43,54,36,9
2023-09-02,6380,98000,99597,53685,34586,78688,64779,57124,13835,11414,5991,633,8196,3616,9491,9707,7686,3397,8542,6448,325,892,195,9,36,54,76
2023-09-03,31186,4843,91474,14263,71382,56092,53921,86765,79000,44950,6310,9597,4434,5220,8407,8811,5408,5120,4332,2064,58,233,28,36,10,13,21
2023-09-04,8811,37863,87846,28711,18824,7874,25822,50186,66056,41908,3781,1650,3560,7411,3315,3628,8407,132,3485,5123,490,255,462,43,36,25,53
2023-09-05,6367,75549,37897,86396,21049,38393,71943,84506,776,95951,309,1286,8450,4114,9424,1746,2855,197,4572,4922,912,992,842,72,44,38,96
2023-09-06,15269,98469,58959,81886,32925,78517,82116,72574,29546,87724,1861,3124,4876,278,8305,8781,9304,5924,8293,4248,989,746,484,95,32,1,30
2023-09-07,49956,86503,30149,91295,79898,88109,48412,53869,38343,84577,7509,5019,9362,1933,559,2748,4246,4497,3950,1919,57,38,963,48,12,14,78
2023-09-08,13676,24740,56012,32207,50515,81421,34783,31017,30582,37899,3520,313,6597,2690,5491,7633,7787,7739,294,9275,594,73,755,25,94,51,23
2023-09-09,35252,16451,69969,18026,68810,96008,18951,3293,30814,22188,3595,6413,8291,8579,4729,1428,1299,1711,8069,5240,46,773,149,51,81,69,78
2023-09-10,35902,31314,95602,40508,88800,91768,96669,72035,32840,2228,7304,9775,393,2766,9414,1229,3791,2810,9720,9332,840,864,219,40,66,26,22
2023-09-11,63768,7404,76409,96941,36081,69640,53912,46658,14279,54968,5802,8956,7809,3074,262,5994,3823,7323,3169,7052,598,735,736,93,87,75,0
2023-09-12,73132,7023,20680,11439,90823,34894,66864,31763,56916,32737,7532,1372,5554,4557,9339,3954,197,9470,3478,3924,827,958,726,3,31,52,10
2023-09-13,56650,37406,50515,25911,41234,89462,16592,53472,18697,36227,3240,6790,262,3750,3676,9266,7549,9781,1704,3680,405,446,442,49,45,59,21
2023-09-14,59722,39954,82710,3209,78624,32001,43234,62757,70781,81883,8076,8791,9056,768,6452,1096,3635,6305,6223,8703,457,589,380,92,33,70,38
2023-09-15,13720,8293,39853,99463,40902,18299,67472,71197,9602,98672,6266,7877,7531,1382,8533,8041,107,1775,2242,9568,692,139,713,0,90,14,61
2023-09-16,11724,98298,19917,53982,9894,85689,21669,68513,50670,77330,1580,7154,6751,2983,7989,174,4014,8953,5493,8885,459,607,700,95,97,40,99
2023-09-17,22365,80585,51233,18206,96019,28041,33335,84405,47766,56983,662,9764,3649,9731,9034,3966,3093,1775,7898,1925,266,316,572,97,50,53,24
2023-09-18,43104,28261,94697,54948,94817,46842,80937,93431,84038,68623,9898,3566,9576,3523,2967,8407,472,8087,2142,254,564,906,826,92,19,52,44
2023-09-19,50925,75781,95072,45895,41571,89042,12852,47456,818,62562,8894,5615,3165,5278,1942,7055,3612,4780,5138,3630,212,766,598,41,28,85,40
2023-09-20,40303,10239,54210,50718,43807,58233,34307,28734,80115,71208,5730,3813,6767,5531,634,364,2201,3711,5086,814,393,729,536,22,23,91,75
2023-09-21,52566,34841,51527,93225,11728,25151,80780,49217,55120,57854,466,4980,563,6846,6189,5380,9292,6703,4758,9247,104,794,694,64,63,21,91
2023-09-22,22714,66480,36490,79715,56683,54921,79449,80550,24952,86607,8307,1435,484,941,1863,675,5349,9969,1503,4197,826,983,510,80,0,67,31
2023-09-23,76922,99878,60050,42231,70197,24029,17888,42024,71288,33727,5488,9596,2292,3714,9571,7953,2680,653,6341,3334,75,832,375,92,42,40,10
2023-09-24,62778,20839,29228,65528,22314,73466,17819,70905,97087,67176,8299,1202,788,8971,5759,216,3733,2360,8984,1505,67,617,701,40,44,30,51
2023-09-25,68779,71548,82470,84221,3065,37527,36975,8761,59916,52871,9605,6005,9627,8751,2897,5156,16,2707,3603,9705,665,493,22,83,14,68,77
2023-09-26,45236,33099,92248,85832,19963,86594,4650,57903,51103,34001,9605,8174,8695,3932,1100,9835,6748,3452,5816,9380,3,883,109,34,77,84,81
2023-09-27,93447,71106,67705,384,67673,22611,18030,35885,62710,86306,7621,1221,9671,5497,2608,8234,3524,541,6323,6518,43,466,205,56,28,22,74
2023-09-28,11698,77996,44386,48900,50556,2023,73169,91188,39404,88068,2092,6143,736,5575,9078,8697,7078,5622,3662,5048,924,443,417,61,16,20,84
2023-09-29,7044,88675,45097,40581,45021,76164,14457,24067,57789,44804,7218,1041,6089,3633,8752,2066,9926,1433,2605,2330,109,55,432,79,88,59,19
2023-09-30,19237,802,69062,73744,28668,67174,14711,13617,46011,10279,6557,5429,6415,1454,4316,2144,6966,9860,8112,4610,104,844,320,79,71,38,53
2023-10-01,7289,57908,18906,69144,51729,76652,54656,92756,68233,32508,871,5315,5694,7563,132,5407,788,333,870,4833,359,623,838,3,74,25,87
2023-10-02,80973,56435,74027,76063,78709,89573,24399,9969,75199,84560,5054,8832,4262,5291,7274,7381,9109,3809,9002,4784,450,400,279,64,69,11,59
2023-10-03,34556,36657,57200,24205,36423,78163,58672,87355,94773,55715,1239,8305,646,3939,5830,800,2419,5057,3928,4018,773,25,899,32,47,56,53
2023-10-04,53139,52986,41893,88329,58465,46331,10707,32100,67382,36166,5828,4164,7852,816,2892,7438,5364,9277,9494,1229,973,436,80,27,86,49,11
2023-10-05,88733,73302,24201,85392,28893,61757,56710,3791,6431,62727,8037,6603,9356,3574,5156,1747,7121,1657,2110,3407,487,227,763,79,14,25,44
2023-10-06,73121,55217,58651,16695,33566,88641,33460,21508,56520,7750,1730,9916,2124,9960,6043,5427,70,4002,6493,5809,332,983,794,64,68,7,56
2023-10-07,26547,41670,43744,83152,10056,59638,27910,48711,37587,74483,3920,1318,3826,5229,7112,9706,6852,530,3370,9649,482,573,168,38,13,79,35
2023-10-08,75188,80266,52602,61671,43993,77200,47305,51189,11181,50779,9062,2622,7482,2405,5596,3273,5134,6369,8790,1351,920,46,64,14,18,68,60
2023-10-09,91245,31903,84892,1956,6356,3876,36672,24111,26365,30725,51,4351,6340,4970,7484,4228,9564,1750,7829,2650,690,719,504,35,30,17,68
2023-10-10,84521,59398,6955,97174,76861,38679,96018,6578,53625,81976,9277,4822,696,3467,5349,4865,9875,9623,2213,7340,604,563,431,93,92,27,19
2023-10-11,49140,34659,55529,10478,30337,13749,64088,19673,97793,99511,865,5620,5382,7544,1596,5137,8019,2565,3801,2606,138,522,101,77,60,19,89
2023-10-12,50875,95632,39892,34582,50557,3012,38198,20971,13896,23153,633,1981,2032,4676,7866,1480,9846,3202,1539,475,884,935,151,25,65,20,3
2023-10-13,40620,36972,97683,99909,8047,50255,63076,61617,76879,27383,6459,224,5895,5108,1293,3744,8119,9435,2535,9742,794,879,397,86,35,84,68
2023-10-14,59454,486,2755,43379,99550,5287,68380,32640,94138,33448,6838,361,7534,5331,6853,9553,6500,1359,6160,5750,481,321,424,3,39,81,58
2023-10-15,15013,43153,40745,63082,64745,57226,4843,26387,3424,95773,2455,971,5175,1254,8586,1190,6393,6972,4232,6650,999,997,294,29,60,79,77
2023-10-16,94540,26829,84819,86465,329,48532,96915,81516,96050,36616,1631,574,3196,906,155,29,7713,339,8844,0,176,285,680,77,22,47,59
2023-10-17,70876,93617,26995,44394,64764,37837,38294,86656,55780,7378,5076,5525,3888,3630,5793,8371,2703,8983,5047,3767,707,310,747,67,6,7,91
2023-10-18,28600,18127,34909,28078,30317,28608,41328,25052,35444,85291,8974,7622,873,7804,2049,6000,8948,1898,9177,9935,88,749,372,56,39,42,29
2023-10-19,45305,95559,38899,87603,92120,18127,36684,43785,76111,64948,8908,6904,4781,7686,2873,3167,4112,6695,8826,6672,924,485,836,46,6,62,42
2023-10-20,42888,28038,66168,37238,34837,92816,31859,41351,87430,39622,360,6703,8282,7240,9386,3538,380,7089,570,7341,515,213,302,41,60,43,79
2023-10-21,57349,28088,5865,83567,76424,79903,37682,72540,89417,55043,6576,5402,65,4215,9076,5387,4193,7233,818,3906,110,455,727,84,94,54,56
2023-10-22,91918,71417,88769,4327,51414,736,72340,97988,72175,71832,6133,5179,2610,9379,5776,3154,1993,8030,4721,1483,740,282,296,92,25,24,11
2023-10-23,45844,81410,39827,16925,90991,80983,17191,17602,25316,6849,6536,204,2560,3746,908,6717,3361,8500,8619,8362,244,890,441,88,11,81,35
2023-10-24,91388,78862,77232,16765,83198,94073,76943,75283,42518,84151,2559,557,2718,5845,9655,5887,7722,2876,6540,3629,908,426,722,9,29,59,16
2023-10-25,61380,92842,86347,6283,71520,66446,66318,53849,86752,45942,1379,8549,4174,9293,1616,652,4193,3554,1132,6619,685,553,936,62,73,71,49
2023-10-26,26788,71079,79633,89149,55454,66176,86152,37472,21527,79572,476,8838,1384,2211,5306,1110,8681,7368,619,3206,623,382,600,94,0,43,95
2023-10-27,74036,90111,31208,23123,80782,5550,11973,66709,94867,90198,2407,9772,9695,9048,1855,6641,8290,9698,2413,3207,913,820,360,2,14,49,41
2023-10-28,7157,12258,78073,22472,15755,38656,8969,86598,42614,30508,6489,925,6537,1677,5598,1977,7565,9877,6528,5059,598,63,808,93,74,83,97
2023-10-29,38050,4168,83796,74143,46175,33024,87212,7984,99654,49740,4498,5248,3927,6097,9698,861,8674,7422,8367,3774,521,297,393,20,26,73,53
2023-10-30,34684,7449,68543,68556,25283,29519,54803,6974,65945,63081,7503,1183,6318,1975,2186,9701,6753,9487,4244,4899,401,623,609,36,22,50,83
2023-10-31,39267,84582,62863,95065,79114,13107,79397,7772,73053,25712,2594,2141,3225,1854,5872,5613,5111,222,9299,1476,340,709,936,6,8,98,70
2023-11-01,20136,25965,1743,60565,96391,7899,49997,26194,23877,5086,5020,6049,2639,2265,6853,5224,2100,1430,589,661,398,55,5,48,16,35,43
2023-11-02,93127,54327,25283,2829,30079,5452,64446,73945,16590,87922,2606,9611,1221,26,668,6940,7478,8435,1725,5577,276,183,585,14,12,69,84
2023-11-03,65761,49344,82925,55230,10031,99488,24592,44193,1536,2935,9661,3443,1256,653,2510,4208,3379,3936,7639,5952,932,355,850,87,62,24,69
2023-11-04,55858,39587,14699,14801,69206,21577,79651,94155,83586,76878,7685,8485,6429,5975,2775,2220,9758,7880,4704,9335,407,429,44,71,72,28,8
2023-11-05,13484,62472,97647,30290,96683,64645,65882,83382,20464,22682,6452,9102,3170,3977,7528,6996,3815,7783,1529,445,698,485,457,2,44,33,77
2023-11-06,91484,12495,39738,55566,41141,2296,53869,51007,60891,56212,5822,9346,8559,8819,6894,6444,7848,8799,114,7238,514,305,30,1,82,52,88
2023-11-07,10949,97813,40248,97258,17172,53726,16571,15018,50843,54542,2387,7105,7024,996,8370,7910,5928,1004,2693,8577,45,513,973,27,90,24,3
2023-11-08,98526,98288,98391,9260,71869,77840,71704,54410,26927,61167,9313,4352,7579,1270,1329,6820,124,2423,5389,2356,71,33,989,93,82,15,95
2023-11-09,34562,39661,67957,16661,6243,10409,80709,63247,33362,51297,7945,1349,1037,1650,4615,2896,3092,9154,8815,6908,744,249,840,22,44,97,9
2023-11-10,94670,63617,6517,67183,73264,81508,35774,70740,13362,49497,6748,376,3592,9574,7457,7387,2244,3441,9081,5173,578,528,643,2,10,21,35
2023-11-11,8391,10466,98837,12660,32013,97782,99924,14855,36394,62547,2966,980,7346,935,5641,7824,5937,5096,1970,2117,33,357,377,54,60,31,99
2023-11-12,98375,76516,96169,75327,43330,15764,27087,13704,97836,25835,9431,1962,5810,4897,9119,490,7211,2058,3074,453,290,942,79,29,3,5,28
2023-11-13,19412,85667,26906,22710,9590,96248,53294,43395,49876,53705,546,8664,1572,8719,5678,1599,1893,6844,749,9130,503,719,868,31,11,43,35
2023-11-14,85800,197,42692,64848,29100,63052,36810,40639,42349,75155,3675,2498,3669,6507,9587,3898,3298,5302,4643,3914,66,614,953,36,97,41,57
2023-11-15,33859,98585,15030,42515,42098,91871,50318,1855,83971,19248,4323,2947,9183,2296,3696,2554,2052,1479,5643,5271,174,207,624,56,62,32,72
2023-11-16,54869,34677,80583,17410,12119,75379,69729,45196,6463,6180,9936,565,5964,1109,7356,9273,1879,6015,4125,3336,959,344,804,36,20,73,21
2023-11-17,95110,91230,25848,37352,46596,92391,75545,86395,28746,58992,7879,2244,9001,6647,4782,2335,826,9117,2981,5762,366,704,757,38,44,68,52
2023-11-18,98371,77855,10658,79326,8768,35389,63003,45013,25896,58159,7512,3573,6252,6597,1270,2234,9849,9414,4541,8794,558,262,712,84,59,90,82
2023-11-19,38429,2633,37498,40297,14331,95638,82894,72723,51994,85732,1243,254,8383,9997,2136,7389,6623,6224,6833,9192,62,766,980,28,19,90,64
2023-11-20,49071,99401,21782,88421,20081,95632,13518,48191,49925,22550,6986,8728,3505,6493,2182,4299,3534,5389,7960,6436,260,949,169,92,67,88,72
2023-11-21,17948,51570,91263,22132,523,3627,43013,6575,30407,70045,4513,6199,8246,3789,8601,7285,1129,145,142,79,926,913,865,55,66,29,16
2023-11-22,14670,55598,48326,78511,51702,36362,8564,49572,30361,71728,8348,98,3900,8870,6408,7473,4056,4050,8122,8486,295,832,718,53,6,14,52
2023-11-23,57999,27345,57014,50063,32466,88975,22112,69463,62612,65221,2456,8073,1231,9668,256,729,5497,2958,5424,4777,68,473,251,1,62,16,10
2023-11-24,20952,44,9136,65520,37660,91974,35253,52186,26203,32691,4463,9632,9958,5680,6964,1362,2611,203,6272,9010,327,990,476,81,9,40,61
2023-11-25,8816,27324,11953,24697,69110,4565,34068,51050,1507,34991,6108,5491,7718,6815,369,9606,8760,7104,5179,112,833,331,214,44,73,63,26
2023-11-26,11873,79812,47282,88599,70943,22982,59952,37117,45252,21860,1123,4002,3496,2068,4388,945,3653,5957,2143,9067,706,799,886,20,53,7,84
2023-11-27,84757,74703,11900,12554,19791,4270,46759,59547,46181,41018,6537,8278,2059,1059,3927,1272,4079,5403,1036,9546,292,100,737,77,10,86,17
2023-11-28,11913,10,45748,26907,21383,29212,36806,31583,6432,5215,5903,8499,5218,4870,2036,5201,1028,1171,6609,2730,782,9,902,1,54,99,39
2023-11-29,3141,42683,33410,77553,40459,27342,45945,67889,5550,3883,5665,3065,3233,2570,8938,3480,2573,5139,2488,1808,378,618,17,5,90,42,87
2023-11-30,7426,98379,36655,42158,20547,19426,60986,16887,53632,79116,8229,9619,1705,7002,2436,1281,6999,144,7407,1184,391,898,713,73,7,13,43
2023-12-01,12301,78982,2630,94374,19187,84917,12364,34641,35984,38101,620,6862,5300,7618,918,6025,9110,3749,894,8079,74,487,42,28,43,32,42
2023-12-02,87485,17336,51133,12554,7135,21522,53104,80826,94365,61619,1255,4461,1512,3977,7172,5165,4923,7678,2530,2804,427,937,452,85,25,7,17
2023-12-03,1716,77561,47720,88355,58888,22091,21180,93030,49821,58663,5620,5047,428,6339,7437,630,4896,2937,8774,2334,663,164,416,13,7,17,19
2023-12-04,87694,91575,75033,8536,46248,65031,61731,92459,68147,45722,8312,4054,7046,6146,2837,7020,5316,7905,4018,9921,708,554,392,25,23,55,19
2023-12-05,47521,7540,75731,73475,91273,55144,86736,99900,82341,11775,4831,7851,5581,2662,4138,8878,7384,1966,7257,5976,206,459,399,66,61,51,7
2023-12-06,93178,49592,64119,45960,32137,68827,28080,32189,58244,14627,7688,4100,2489,4062,11,2061,5417,1645,3408,5727,258,412,13,8,11,61,34
2023-12-07,35627,13260,96217,17317,28340,60873,47641,19296,93791,58846,1425,878,269,6048,4114,5973,7447,951,213,1899,568,558,529,44,24,37,61
2023-12-08,38223,77286,90185,84473,8584,79697,95286,76506,43075,76662,7394,605,4471,5963,1127,8186,4005,2106,8507,6915,706,481,999,6,39,93,97
2023-12-09,57057,21341,46196,43234,70433,4847,22751,81225,23585,86601,5292,6921,1013,2912,2594,8296,6698,1779,3989,6487,499,353,222,52,24,0,4
2023-12-10,87360,29463,59670,85173,59452,73572,10791,73037,30913,85255,4173,1112,3763,1888,1518,392,8758,2218,4504,5669,163,177,86,95,45,8,63
2023-12-11,38038,2475,3846,53934,90956,89781,13882,1561,73501,93779,8318,6981,8615,9513,8328,3837,107,9532,9879,1742,729,766,938,85,12,33,48
2023-12-12,62970,39467,40628,4048,85828,50051,17798,87941,64115,64474,6711,8324,621,5607,1058,6146,6328,5593,5917,7918,954,545,397,63,29,28,51
2023-12-13,91706,82736,43914,21410,62100,28841,54653,2003,59,46346,3044,7942,3115,2346,2092,6475,3946,3685,3452,1207,346,956,814,55,83,76,44
2023-12-14,6245,38517,40644,70647,81520,69703,11751,71184,82277,25595,7806,3861,3836,2974,8284,885,1003,4565,1675,1006,364,482,20,15,86,76,49
2023-12-15,36904,34735,42033,38294,20473,82204,45516,49864,93509,66033,8906,8147,9572,2463,60,5312,8432,6273,8809,2106,133,594,76,56,13,20,39
2023-12-16,74825,27434,6579,72188,23116,29833,95690,82114,32305,85706,7725,7756,1294,7069,5389,7771,7486,9371,8494,5009,478,396,881,89,67,42,62
2023-12-17,3257,14988,21865,30155,62858,770,81163,91066,32492,88398,6066,8357,7220,9032,5532,5899,2304,2862,4668,1049,347,930,724,90,59,43,61
2023-12-18,56732,82355,29094,60755,55043,23651,13729,65784,6766,72289,9490,4407,1910,7277,2748,1704,2614,2267,7259,1637,758,160,919,88,89,65,94
2023-12-19,14577,66388,72506,57508,305,65882,84801,38647,30901,12566,2019,7061,7062,9014,1202,5718,9539,9204,5379,370,308,532,193,40,82,90,57
2023-12-20,64978,46676,26187,87330,27023,12499,1735,36355,27195,68410,9210,3977,6990,5236,3041,3863,7189,4047,6779,5495,419,782,193,13,21,90,50
2023-12-21,88485,81423,48393,7890,51946,7983,63690,9200,68261,8586,8909,1980,4697,9087,9687,9617,6090,8526,3279,9866,403,775,949,83,21,41,81
2023-12-22,76711,52564,49212,38823,93262,7190,79116,44716,47391,84559,9818,2020,3376,8782,1832,9360,5435,879,951,8128,539,899,78,14,68,52,92
2023-12-23,51416,85332,13364,46775,92641,78508,30249,10834,54932,63927,5847,1580,8587,8272,5195,8332,1395,9544,506,7689,733,236,963,20,62,10,44
2023-12-24,1243,37916,59482,35038,84947,66319,33665,8943,47178,78546,7854,3336,9083,7212,1120,8381,9628,5962,7004,3248,498,694,995,65,92,44,57
2023-12-25,8225,66151,34859,56161,1662,81087,74454,48051,70005,40811,3581,1288,7240,1453,1667,6120,9163,7784,7119,2947,162,862,534,40,61,88,84
2023-12-26,94636,47326,96142,87117,27903,60316,88517,90129,38052,18824,6196,3149,5598,6656,120,2073,5725,9741,2775,6044,216,472,185,29,81,31,30
2023-12-27,74817,34291,4124,7840,59324,21119,2648,37969,92032,72336,8327,6840,2090,5817,6421,4948,1917,7710,2618,5345,666,798,342,45,28,63,44
2023-12-28,15131,17201,23972,59182,38568,83983,95738,34166,67038,60011,6923,1493,9579,2063,8051,6625,511,4014,525,6554,435,920,911,12,39,52,71
2023-12-29,36120,1808,24143,89224,54587,9307,57960,57721,39016,39494,5586,6574,7750,5640,1559,8201,7221,9586,8938,6743,847,456,145,95,93,85,84
2023-12-30,59380,24170,49908,46745,87619,76344,11483,19853,97310,5180,8176,5498,2068,1389,2264,7126,265,3169,8803,5141,563,723,137,38,64,82,43
2023-12-31,73758,80689,75152,42067,69905,79800,28338,29736,28168,24917,3277,9831,1686,1236,2848,6743,8909,8565,2489,7595,292,586,465,42,82,2,43
2024-01-01,42932,66272,27370,68541,55788,4997,82222,2980,83746,18098,5667,8086,5934,473,1851,1006,384,6131,8065,5365,255,166,353,53,73,45,79
2024-01-02,10956,44230,11435,21121,29001,29348,14423,5075,13469,49804,3705,3839,998,9020,1408,5422,2848,4904,4073,2200,387,850,383,35,44,10,59
2024-01-03,62495,61083,88825,25631,81244,41936,65835,18119,78762,30466,7275,3934,7969,3310,1198,2132,6734,7342,172,3018,920,945,848,61,14,85,25
2024-01-04,10240,34474,50418,44965,9694,12063,98849,11096,80662,43064,1261,9934,1267,7227,113,5320,3130,4972,271,6073,278,247,228,62,12,36,2
2024-01-05,38267,8715,71363,28859,50469,804,1569,47304,36547,91458,5367,6717,9652,1153,9201,2426,2161,8950,6793,5932,11,537,441,96,63,69,45
2024-01-06,72794,84069,21604,16014,4012,40496,62097,7165,85606,43931,8124,4326,2175,2281,9781,2917,303,9824,6836,6036,428,187,412,74,96,58,3
2024-01-07,69618,77903,10601,27302,64369,67113,39541,91989,70398,6419,2465,5299,8705,5568,1279,2671,9902,2142,3112,6408,615,603,561,85,67,75,12
2024-01-08,91089,52095,24298,86032,11702,12468,64339,84213,63964,15587,375,1988,6675,2621,9023,5030,2454,6261,8831,2653,721,356,691,19,77,78,40
2024-01-09,48877,34321,62959,65902,26683,31049,98561,68229,37571,53782,360,5370,3054,4853,4143,7962,1775,2023,455,3683,287,175,670,77,68,8,91
2024-01-10,73732,50059,19807,73809,66964,33254,7140,58867,39737,18690,2491,3655,4882,4833,2714,2679,1364,4418,4801,4632,105,627,143,95,84,83,53
2024-01-11,28285,45785,14065,97397,20245,50613,86575,83291,97109,29793,1447,8321,7343,5081,3322,1578,6731,2390,3687,3549,185,547,711,82,23,28,84
2024-01-12,13113,39786,66200,15781,57716,5600,89058,37477,31125,85815,2872,4210,3055,7656,5975,9865,4483,4984,9833,9996,906,600,547,2,93,53,59
2024-01-13,68586,68404,715,37358,42487,35931,84669,195,50191,47172,7115,9490,6813,5843,4317,2315,7929,3632,1844,6497,990,475,786,17,99,63,85
2024-01-14,91138,42203,16727,62518,40212,38181,55475,98984,20314,5059,8841,4036,947,9799,9576,2316,6534,618,1125,2257,115,313,503,71,91,34,85
2024-01-15,63261,52395,54221,54937,21642,72620,46915,40939,66975,95237,9526,9444,4855,6097,3145,6073,1774,9335,2193,747,934,367,864,94,59,67,21
2024-01-16,95539,74503,37428,62493,55215,62742,75409,13209,28223,2871,3363,5407,6781,8041,3501,3855,6093,3392,6002,4492,236,215,743,90,79,37,58
